{"cameraMode":{"drawMode":0,"name":"Shaded","section":"Shading Mode"},"sceneLighting":false,"audioPlay":false,"sceneViewState":{"showFog":true,"showMaterialUpdate":false,"showSkybox":true,"showFlares":true,"showImageEffects":true,"showParticleSystems":true},"in2DMode":false,"pivot":{"x":-11.23703670501709,"y":1.4731287956237794,"z":-13.079242706298829},"rotation":{"x":-0.3012959957122803,"y":-0.4956452250480652,"z":0.18843793869018556,"w":-0.7924968004226685},"size":22.0,"orthographic":false}