{"cameraMode":{"drawMode":0,"name":"Shaded","section":"Shading Mode"},"sceneLighting":false,"audioPlay":false,"sceneViewState":{"showFog":true,"showMaterialUpdate":false,"showSkybox":true,"showFlares":true,"showImageEffects":true,"showParticleSystems":true},"in2DMode":false,"pivot":{"x":-0.0013623237609863282,"y":8.346883773803711,"z":-2.7513175010681154},"rotation":{"x":0.011708475649356842,"y":0.9814552068710327,"z":-0.1804303675889969,"w":0.0636884868144989},"size":4.641658782958984,"orthographic":false}